Name,Unique Number ,Unique Number + Name,Sha256sum,Unique Number + Sha256sum,
CAllen,12345,12345CAllen,b52f4462637dac17f1e2481f2f3b032568dfd526f0d71e06d32bdcfbc6f91471,12345b52f4462637dac17f1e2481f2f3b032568dfd526f0d71e06d32bdcfbc6f91471,x
CAnderson,12346,12346CAnderson,c7bef740b5506eca483ae2a3c8890194293004d7fb9e370b9b7a5c5767b8682d,12346c7bef740b5506eca483ae2a3c8890194293004d7fb9e370b9b7a5c5767b8682d,x
CArcher,12347,12347CArcher,3c3725392aec55c7704bd934033ecd736339a45bdff3345ea228039c879c1c15,123473c3725392aec55c7704bd934033ecd736339a45bdff3345ea228039c879c1c15,x
CBaker,12348,12348CBaker,d697afa57a3874d89e64b371dbfeff39ee7ec4de9448a5781a9a082ff061b3bd,12348d697afa57a3874d89e64b371dbfeff39ee7ec4de9448a5781a9a082ff061b3bd,x
JBennett,12349,12349JBennett,9aaad5d0a836165d256a9cb846be1f3a3e162959303443cdcca710a096a76ab7,123499aaad5d0a836165d256a9cb846be1f3a3e162959303443cdcca710a096a76ab7,x
ABhardwaj,12350,12350ABhardwaj,481320987f6a2953d15a94352b4d7e07d69ac8a9bded58e6fd13544083a9942c,12350481320987f6a2953d15a94352b4d7e07d69ac8a9bded58e6fd13544083a9942c,x
ICollins,12351,12351ICollins,ea213627824fd7ee18174b9c5a2abfff25c6949254fe7c560fb1c3f9a30aa48b,12351ea213627824fd7ee18174b9c5a2abfff25c6949254fe7c560fb1c3f9a30aa48b,x
JCox,12352,12352JCox,a0d4a77143682a3e9ff719923437cc1f96937eca9559701e89a8cab14efd5c93,12352a0d4a77143682a3e9ff719923437cc1f96937eca9559701e89a8cab14efd5c93,x
HCulp,12353,12353HCulp,7218b80719a9790dfc3a5dd3e97e34edf637c660eeaa289996c1b54d582079ca,123537218b80719a9790dfc3a5dd3e97e34edf637c660eeaa289996c1b54d582079ca,x
CDalton,12354,12354CDalton,dd2daee33e7836b3be695c87ded7ad4cc47095cfd94e519ecc2c6fec1af57a5d,12354dd2daee33e7836b3be695c87ded7ad4cc47095cfd94e519ecc2c6fec1af57a5d,x
BDunson,12355,12355BDunson,904343f7f2a2184c0224f7055b204f308aff123b29774ec360e3fb78e72ec96e,12355904343f7f2a2184c0224f7055b204f308aff123b29774ec360e3fb78e72ec96e,x
GFrancis,12356,12356GFrancis,f5ac10f338b7aa75291b0ff8fb823c194344cf9261236a97e884fb96b0a9411d,12356f5ac10f338b7aa75291b0ff8fb823c194344cf9261236a97e884fb96b0a9411d,x
SFricke,12357,12357SFricke,adbc28cf1c069a1c69a7ca9838ed1aeb457f15e14350f2f75783a0694654befd,12357adbc28cf1c069a1c69a7ca9838ed1aeb457f15e14350f2f75783a0694654befd,x
AGlass,12358,12358AGlass,1046df92798f3087dbf20a88ed05b68d68ea4b783b80a0003236db1079eeec43,123581046df92798f3087dbf20a88ed05b68d68ea4b783b80a0003236db1079eeec43,x
DGnau,12359,12359DGnau,6d862a80463e75973f82a658febbe2e8c608cfbb8563923a54112c6c9eca7d05,123596d862a80463e75973f82a658febbe2e8c608cfbb8563923a54112c6c9eca7d05,x
JHeath,12360,12360JHeath,a2f54f620cf0d25d74f7ae8d24cb8d46299ddead118baf80da9e0aff80f93a42,12360a2f54f620cf0d25d74f7ae8d24cb8d46299ddead118baf80da9e0aff80f93a42,x
DJirel,12361,12361DJirel,911264419d74cc308d43151ff50564521d34cf70be3448ee399fa9a4d81b4ad9,12361911264419d74cc308d43151ff50564521d34cf70be3448ee399fa9a4d81b4ad9,x
AKeenan,12362,12362AKeenan,fad3b1492ef26519510510fba6022d63c0abfa7738bb0307707f01bd7d5a7d72,12362fad3b1492ef26519510510fba6022d63c0abfa7738bb0307707f01bd7d5a7d72,x
AKelly,12363,12363AKelly,d1530e56a442ff00680479e741c574bac964bda9f0bafb914eed09acbfdc9d51,12363d1530e56a442ff00680479e741c574bac964bda9f0bafb914eed09acbfdc9d51,x
RKocher-harper,12364,12364RKocher-harper,02f8ee0ad1e4db2d6a4d144787e3a5c893f43ca897ebb8399b88969b743637ee,1236402f8ee0ad1e4db2d6a4d144787e3a5c893f43ca897ebb8399b88969b743637ee,x
NLargent,12365,12365NLargent,cad4f13b239041ce5d1c2f31e0154aa40514937466a8ff7752ed9c028ae5fbac,12365cad4f13b239041ce5d1c2f31e0154aa40514937466a8ff7752ed9c028ae5fbac,x
BLevon,12366,12366BLevon,04073e86a429edb3bc2c16fbe67f4b822309ea4a92a971b4d0f467a3008040a6,1236604073e86a429edb3bc2c16fbe67f4b822309ea4a92a971b4d0f467a3008040a6,x
ALothes,12367,12367ALothes,bc515feb3a3836594eff824e0ffc350c7d4c1c2e8cae214d4255ad13345e689a,12367bc515feb3a3836594eff824e0ffc350c7d4c1c2e8cae214d4255ad13345e689a,
EMann,12368,12368EMann,0dc2b53cc7dcf886edcc92bf04074aa3145bb01212fc4b8f3bad2d426b5c5917,123680dc2b53cc7dcf886edcc92bf04074aa3145bb01212fc4b8f3bad2d426b5c5917,
HMcintosh,12369,12369HMcintosh,b0d4abbc09a8d72c98a95c64afa3e6d6d3ba7070538195f9879699d550ecbb36,12369b0d4abbc09a8d72c98a95c64afa3e6d6d3ba7070538195f9879699d550ecbb36,
RMiller,12370,12370RMiller,eacf7bd1384e8ae3363866b65c4baa26ecc5325677806a8d04da87c353b51bbc,12370eacf7bd1384e8ae3363866b65c4baa26ecc5325677806a8d04da87c353b51bbc,
KMilliner,12371,12371KMilliner,f58250972daa4e88b5f2f8ebd1d6cb72cf1f5a3d3d791e3378e83a114b179383,12371f58250972daa4e88b5f2f8ebd1d6cb72cf1f5a3d3d791e3378e83a114b179383,
PPonugoti,12372,12372PPonugoti,b4d0ca0824a2bcf4fe2c39fd5d349ce1722c0b80a90077193464860796a72693,12372b4d0ca0824a2bcf4fe2c39fd5d349ce1722c0b80a90077193464860796a72693,
VRichards,12373,12373VRichards,2c17700b4ecf86d0ef8d49624256ed70a5246ea4763715c0a52fefef191336f6,123732c17700b4ecf86d0ef8d49624256ed70a5246ea4763715c0a52fefef191336f6,
ERuiz,12374,12374ERuiz,69bf75fb2e86ddc3307ec66ad5125682e34e71733ef79bb7b2d813a4d4a6fec7,1237469bf75fb2e86ddc3307ec66ad5125682e34e71733ef79bb7b2d813a4d4a6fec7,
SSagiev,12375,12375SSagiev,0ea70c5db0a2035f112864b2a9e21f69a5f76a801ee26bda689a9c6b5c9ec5f7,123750ea70c5db0a2035f112864b2a9e21f69a5f76a801ee26bda689a9c6b5c9ec5f7,
DSanchez,12376,12376DSanchez,76161448f913383f03c9293d2d512b4c9622971ce0781cfecc6d5fc2b547da98,1237676161448f913383f03c9293d2d512b4c9622971ce0781cfecc6d5fc2b547da98,
LSmtih,12377,12377LSmtih,496c913a6eb2b0125d387bccb8680ad0d473f69835ff1b5c33662dd3dfa09ad8,12377496c913a6eb2b0125d387bccb8680ad0d473f69835ff1b5c33662dd3dfa09ad8,
ASouthward,12378,12378ASouthward,05b210715c52cc6e92048c55009a5b6d077227ad07f787ae62a9f81db6d11de3,1237805b210715c52cc6e92048c55009a5b6d077227ad07f787ae62a9f81db6d11de3,
SStare,12379,12379SStare,4af8b46386608b63dc62caf5ca36e854f031bb854ee95f225939366c123a7979,123794af8b46386608b63dc62caf5ca36e854f031bb854ee95f225939366c123a7979,
NVu,12380,12380NVu,a953c8f3a060cea69574c0f662224f05f1e150ef1d27b75493ff83b975c289ab,12380a953c8f3a060cea69574c0f662224f05f1e150ef1d27b75493ff83b975c289ab,
CWhite,12381,12381CWhite,da7eca7d7786a48325b60145a8b67dab26a9772db60d711c1a4223215872563b,12381da7eca7d7786a48325b60145a8b67dab26a9772db60d711c1a4223215872563b,
JWilliams,12382,12382JWilliams,74e795c7547d8e47ca3fa200f45fc27d2fb30c6fe1e3156d2f27df9c30506828,1238274e795c7547d8e47ca3fa200f45fc27d2fb30c6fe1e3156d2f27df9c30506828,
JWise,12383,12383JWise,ea6b13a4309366986672637d2d1c4cc350fce0fdee2de3ebfdb97f27f8f02f6b,12383ea6b13a4309366986672637d2d1c4cc350fce0fdee2de3ebfdb97f27f8f02f6b,
EWoessner,12384,12384EWoessner,04a9bdca77079e70ffb59b9e3a90874e0f8e29a2fe5f6312259b4480a7ee616e,1238404a9bdca77079e70ffb59b9e3a90874e0f8e29a2fe5f6312259b4480a7ee616e,
TYoung,12385,12385TYoung,9a0fb323460e0a5516a71c5b5f55ee587a05593f8a81a4cc93dd483a38bc2d5c,123859a0fb323460e0a5516a71c5b5f55ee587a05593f8a81a4cc93dd483a38bc2d5c,
EZecchini,12386,12386EZecchini,4a9808447a4b84f9bf73a02043fd1bf1fe81340fe1c6e25c2814a88d6166c65e,123864a9808447a4b84f9bf73a02043fd1bf1fe81340fe1c6e25c2814a88d6166c65e,
